Model,MAE,MSE,RMSE,R2
Polynomial Regression Dataset B,72626.56472098932,10057776067.744183,100288.46428051524,0.7584822783746251
